CfC,CfC-mmRnn,CfC-nogate,CfC-minimal,CfC-LTC,LSTM,RNN,GRU,CNN,Real,date,,RNN
1728.160591,1730.275568,1751.918836,1741.523303,1737.186804,1736.538328,1730.771508,1777.6023,1663.019336,1719,20221230,1730.771508,1200.771508
1709.66386,1712.4447,1734.749223,1723.369683,1717.855108,1731.281123,1717.001863,1769.502439,1654.915314,1727,20230103,1717.001863,1187.001863
1736.455559,1736.488251,1758.77836,1746.784075,1744.180511,1727.491905,1720.570043,1766.62204,1649.814433,1730.01,20230104,1720.570043,1190.570043
1720.139486,1722.12251,1743.805007,1733.265187,1728.207696,1723.079622,1704.317643,1763.704194,1643.809192,1725.01,20230105,1704.317643,1174.317643
1724.247444,1725.949025,1748.14537,1736.629566,1731.978933,1721.631249,1705.962312,1761.748809,1645.290405,1801,20230106,1705.962312,1175.962312
1778.746198,1778.015845,1800.354694,1787.82026,1790.528436,1723.012604,1720.790337,1771.006536,1650.669459,1803.77,20230109,1720.790337,1190.790337
1797.360915,1798.360228,1822.679723,1810.879357,1805.273544,1726.171029,1736.335119,1785.617907,1661.765031,1841.2,20230110,1736.335119,1206.335119
1835.385341,1836.62761,1859.174197,1848.283391,1845.585022,1733.778291,1745.655257,1805.956495,1675.458668,1854.45,20230111,1745.655257,1215.655257
1844.826139,1846.468282,1871.000567,1858.127332,1854.530696,1744.390181,1751.449862,1827.109838,1694.006516,1844.95,20230112,1751.449862,1221.449862
1843.485945,1845.714896,1869.197345,1857.574998,1851.601408,1756.681213,1752.66843,1844.112874,1711.691166,1834,20230113,1752.66843,1222.66843
1836.513933,1838.783006,1862.357288,1850.34532,1844.81544,1769.357409,1743.488865,1855.05346,1722.47513,1887,20230116,1743.488865,1213.488865
1869.501226,1870.333219,1893.644931,1881.4331,1880.649252,1783.203358,1749.140371,1868.143943,1727.488785,1912.9,20230117,1749.140371,1219.140371
1905.425831,1905.410228,1931.210341,1916.588122,1916.712647,1797.899875,1749.029221,1886.906811,1742.246821,1908,20230118,1749.029221,1219.029221
1903.078596,1905.2649,1929.602673,1917.856544,1911.557973,1813.734198,1753.982396,1903.402537,1755.845654,1893,20230119,1753.982396,1223.982396
1898.319636,1900.580536,1925.290246,1912.460699,1907.947072,1829.143534,1769.625846,1915.023696,1770.172462,1880.21,20230120,1769.625846,1239.625846
1873.587488,1877.107894,1900.481273,1889.702213,1882.391252,1839.479479,1775.738077,1917.907216,1779.284416,1860.01,20230130,1775.738077,1245.738077
1868.60697,1870.860143,1895.357508,1882.601665,1878.63532,1846.661903,1776.174357,1916.289592,1780.382694,1888,20230131,1776.174357,1246.174357
1894.390887,1896.179249,1919.290503,1909.159473,1903.321701,1851.090533,1779.6406,1917.575548,1779.676563,1845.76,20230201,1779.6406,1249.6406
1852.101882,1855.531941,1880.526511,1867.70692,1863.956783,1852.867453,1779.804502,1913.559275,1776.843119,1844.97,20230202,1779.804502,1249.804502
1835.211334,1839.217948,1861.64759,1852.025355,1845.983113,1851.696362,1768.104067,1903.935554,1765.469375,1836.11,20230203,1768.104067,1238.104067
1836.970125,1839.206655,1863.554532,1851.050709,1846.630252,1849.628489,1763.619862,1894.876947,1761.332441,1818,20230206,1763.619862,1233.619862
1805.59481,1808.963053,1831.810845,1820.72731,1814.21788,1843.610617,1774.168078,1882.010101,1755.282621,1795,20230207,1774.168078,1244.168078
1774.734829,1778.414976,1801.396951,1789.503564,1784.320954,1832.525745,1764.330229,1864.041929,1739.736427,1797,20230208,1764.330229,1234.330229
1798.454438,1800.16553,1822.960868,1811.938555,1806.712258,1821.05244,1760.604686,1851.425915,1729.607477,1784,20230209,1760.604686,1230.604686
1783.51764,1785.805585,1809.010009,1797.137871,1792.224668,1810.011997,1759.806349,1840.935133,1723.849056,1818,20230210,1759.806349,1229.806349
1803.598858,1804.331886,1827.383851,1814.451029,1814.761596,1801.161723,1760.552008,1837.199559,1717.178101,1810,20230213,1760.552008,1230.552008
1804.434269,1805.985471,1829.695719,1817.867714,1811.581922,1794.247813,1772.978858,1836.509178,1715.196415,1856.35,20230214,1772.978858,1242.978858
1844.566392,1844.120453,1867.910497,1853.878505,1856.464237,1789.666129,1772.846533,1844.236061,1718.85353,1843.79,20230215,1772.846533,1242.846533
1839.360155,1841.415249,1865.509174,1854.181197,1846.834127,1789.435061,1772.658558,1852.666104,1720.817682,1841,20230216,1772.658558,1242.658558
1840.78817,1842.839994,1866.226896,1854.080597,1849.030238,1790.82979,1777.426879,1859.696366,1730.253725,1861.82,20230217,1777.426879,1247.426879
1854.460559,1855.067576,1879.295684,1865.547958,1865.854958,1794.518407,1768.610856,1868.034873,1736.513661,1820.78,20230220,1768.610856,1238.610856
1828.658217,1830.553717,1855.482161,1841.88214,1838.323099,1798.935892,1759.69141,1871.115432,1738.071995,1875,20230221,1759.69141,1229.69141
1854.126662,1854.871577,1877.427526,1865.786307,1865.598183,1805.0346,1760.627272,1875.877216,1740.823561,1867,20230222,1760.627272,1230.627272
1859.213575,1861.245933,1886.083287,1874.072657,1867.487294,1810.236676,1755.15059,1881.009005,1743.479283,1836,20230223,1755.15059,1225.15059
1837.45351,1840.373585,1864.28221,1851.733659,1846.562938,1815.248845,1759.95777,1881.457916,1747.512793,1818,20230224,1759.95777,1229.95777
1819.266307,1821.922622,1845.049331,1833.582862,1828.879031,1817.29101,1756.853063,1876.985302,1743.907241,1788,20230227,1756.853063,1226.853063
1786.990049,1790.352051,1813.258242,1802.115863,1795.257825,1815.796572,1759.947591,1865.170076,1739.070714,1810.41,20230228,1759.947591,1229.947591
1796.318806,1797.74905,1820.409462,1808.324978,1806.335416,1810.996451,1751.796241,1854.654032,1732.043276,1813.74,20230301,1751.796241,1221.796241
1804.027709,1806.009692,1829.340721,1818.20384,1813.367758,1805.834497,1749.965083,1848.180711,1722.471861,1838.53,20230302,1749.965083,1219.965083
1827.525315,1828.865063,1852.612461,1839.883959,1838.323544,1802.863899,1760.436994,1848.545813,1720.688997,1828,20230303,1760.436994,1230.436994
1822.954776,1824.861866,1848.699313,1836.586448,1830.388774,1799.921386,1760.288472,1850.6333,1721.914623,1818.04,20230306,1760.288472,1230.288472
1818.391518,1820.765499,1843.693386,1832.419498,1827.881947,1798.329617,1770.163544,1851.679422,1727.091288,1807.14,20230307,1770.163544,1240.163544
1802.788857,1806.033468,1828.998057,1817.988672,1811.203892,1796.361156,1772.802325,1849.326095,1725.49417,1788.3,20230308,1772.802325,1242.802325
1793.112385,1794.999118,1818.317814,1805.894827,1801.388184,1792.171767,1763.201563,1844.384658,1720.043047,1770.42,20230309,1763.201563,1233.201563
1766.464081,1769.235708,1791.390594,1780.469178,1774.164514,1787.783705,1749.850738,1834.859754,1710.825441,1770.02,20230310,1749.850738,1219.850738
1761.296926,1763.337754,1785.843328,1774.2296,1771.211154,1781.997793,1730.778715,1824.410875,1699.243958,1750,20230313,1730.778715,1200.778715
1753.340907,1754.647518,1778.238592,1764.817481,1761.575248,1776.853521,1727.75009,1814.658767,1692.667362,1762,20230314,1727.75009,1197.75009
1758.488447,1759.140638,1780.855232,1769.601851,1765.689298,1771.760516,1728.744425,1807.2637,1687.442254,1766,20230315,1728.744425,1198.744425
1757.490471,1759.14896,1781.777424,1770.122385,1766.724274,1765.500134,1737.050167,1802.205021,1682.267818,1750.92,20230316,1737.050167,1207.050167
1759.81081,1761.357851,1784.413084,1772.56591,1768.286472,1759.459081,1744.538849,1798.941984,1680.163688,1751.99,20230317,1744.538849,1214.538849
1747.301786,1748.736339,1771.114566,1759.043902,1755.449049,1753.049806,1742.203057,1794.878903,1676.732291,1742,20230320,1742.203057,1212.203057
1749.502652,1750.614156,1773.078569,1761.610019,1757.924077,1747.674466,1738.28352,1791.550038,1672.205736,1729.6,20230321,1738.28352,1208.28352
1733.952595,1736.11022,1758.179663,1747.364939,1741.634008,1742.533316,1734.231138,1786.053147,1668.150085,1775,20230322,1734.231138,1204.231138
1759.88808,1760.007998,1782.328866,1769.921334,1771.158402,1739.56138,1725.408353,1785.796372,1665.42378,1773.35,20230323,1725.408353,1195.408353
1773.848746,1774.69233,1798.400201,1786.358662,1781.674,1739.152293,1725.426854,1790.455772,1668.311312,1774.86,20230324,1725.426854,1195.426854
1772.096493,1773.233853,1795.883863,1783.495797,1779.891879,1740.032432,1728.62369,1795.154104,1672.734741,1778.62,20230327,1728.62369,1198.62369
1771.47417,1772.912735,1795.307753,1783.900426,1778.554806,1742.2067,1731.854927,1798.867537,1674.506906,1767.79,20230328,1731.854927,1201.854927
1763.982367,1766.387257,1788.769496,1777.715085,1771.855321,1743.913928,1732.738112,1800.056757,1680.369643,1781.8,20230329,1732.738112,1202.738112
1776.701507,1778.097573,1800.756054,1788.812292,1785.20674,1745.744789,1730.613178,1802.433117,1682.012974,1790,20230330,1730.613178,1200.613178
1790.833802,1791.994343,1814.75164,1803.629469,1797.955896,1748.279701,1730.26769,1807.081075,1682.31626,1800,20230331,1730.26769,1200.26769
1791.308123,1793.332159,1815.998812,1804.480483,1799.839806,1752.561665,1734.125485,1812.311384,1685.688664,1820,20230403,1734.125485,1204.125485
1829.460045,1829.434189,1853.151718,1840.43555,1838.256379,1758.386064,1733.298841,1823.680819,1691.668346,1802.07,20230404,1733.298841,1203.298841
1803.644775,1805.972394,1829.043825,1817.70188,1811.346842,1764.926848,1743.524825,1831.148698,1702.025689,1814.59,20230406,1743.524825,1213.524825
1803.891,1806.69086,1828.709334,1818.554528,1812.828203,1770.33681,1747.714214,1834.551118,1705.034774,1796.96,20230407,1747.714214,1217.714214
1794.729415,1797.021223,1821.0037,1808.170735,1803.547592,1774.00611,1739.975294,1835.115192,1707.051232,1790.99,20230410,1739.975294,1209.975294
1791.379152,1793.184008,1815.680815,1804.207362,1798.745242,1775.959563,1738.017383,1833.587914,1708.149808,1771.7,20230411,1738.017383,1208.017383
1763.649956,1766.786685,1789.263877,1778.444993,1773.380369,1776.578617,1730.605822,1826.701643,1703.005239,1745.5,20230412,1730.605822,1200.605822
1759.862076,1762.176025,1785.287131,1773.715901,1769.816424,1774.560376,1729.667954,1818.470125,1696.975777,1694.1,20230413,1729.667954,1199.667954
1704.999259,1708.142824,1730.553593,1719.37243,1714.652996,1769.466776,1725.870489,1801.973953,1685.054007,1723,20230414,1725.870489,1195.870489
1707.573549,1709.059963,1729.786982,1719.48997,1716.743158,1760.144707,1709.681986,1784.760504,1669.730709,1713.42,20230417,1709.681986,1179.681986
1714.379133,1715.195375,1738.181065,1726.241166,1722.010617,1750.587854,1715.603493,1772.371843,1658.338686,1753,20230418,1715.603493,1185.603493
1746.917069,1747.807758,1768.99617,1758.920864,1755.079489,1741.253749,1722.514431,1768.985768,1652.118129,1758,20230419,1722.514431,1192.514431
1753.684017,1754.609477,1778.011833,1765.512468,1761.620867,1735.442278,1731.771787,1771.627819,1656.04777,1759,20230420,1731.771787,1201.771787
1755.67031,1757.397153,1779.277283,1768.495399,1762.640241,1731.444431,1739.405128,1775.693724,1658.851048,1741.88,20230421,1739.405128,1209.405128
1740.949423,1743.28685,1765.840569,1754.209306,1749.750809,1729.015468,1742.039006,1777.239278,1662.430001,1725.47,20230424,1742.039006,1212.039006
1728.638627,1730.943511,1752.919932,1742.094955,1736.580826,1725.974732,1731.166627,1774.803183,1656.847964,1705,20230425,1731.166627,1201.166627
1704.451383,1707.010368,1728.683503,1717.837574,1711.677346,1722.750926,1721.461029,1767.479294,1650.75193,1730.38,20230426,1721.461029,1191.461029
1721.609257,1722.339015,1743.961776,1732.374052,1730.375277,1719.53128,1696.229744,1762.369943,1643.424178,1743.91,20230427,1696.229744,1166.229744
1740.408828,1740.95715,1763.682499,1751.97025,1749.33979,1719.861462,1695.306067,1763.331364,1643.71097,1757.92,20230428,1695.306067,1165.306067
1749.587947,1750.980893,1773.45333,1761.877791,1758.747749,1722.034095,1706.662946,1768.012311,1646.757055,1760.52,20230504,1706.662946,1176.662946
1763.485459,1764.141663,1787.207595,1774.924289,1771.582943,1724.603036,1720.278719,1775.324461,1653.824763,1749.9,20230505,1720.278719,1190.278719
1750.83512,1752.720069,1775.063822,1763.796026,1759.677816,1726.521866,1729.719145,1779.825011,1661.516428,1750,20230508,1729.719145,1199.719145
1749.434446,1751.739034,1773.684992,1763.427952,1757.875634,1727.726985,1730.588808,1781.891992,1663.03271,1720.52,20230509,1730.588808,1200.588808
1733.426563,1735.467094,1758.400775,1746.63845,1743.173173,1728.021801,1723.564788,1780.203932,1661.170049,1722,20230510,1723.564788,1193.564788
1717.787496,1719.673041,1741.369357,1730.245255,1726.124518,1727.066473,1712.153819,1774.696491,1655.756075,1725,20230511,1712.153819,1182.153819
1721.481018,1722.093979,1744.252431,1732.284894,1728.417217,1725.741881,1694.503273,1769.560986,1648.51228,1717.07,20230512,1694.503273,1164.503273
1719.82981,1721.198535,1743.075099,1731.924547,1726.781167,1725.128622,1698.698085,1764.918081,1645.201692,1706.4,20230515,1698.698085,1168.698085
1709.465929,1710.899591,1732.84867,1720.973411,1716.873478,1722.850188,1705.49609,1759.737849,1644.26687,1716.3,20230516,1705.49609,1175.49609
1704.128631,1705.721142,1726.842835,1716.305987,1711.672145,1718.814895,1705.976577,1753.703631,1640.779601,1703.29,20230517,1705.976577,1175.976577
1703.887755,1705.456788,1727.829369,1716.066597,1711.520279,1714.633679,1710.721866,1748.833373,1637.392487,1701,20230518,1710.721866,1180.721866
1702.094787,1703.599923,1724.940499,1714.186848,1708.601393,1709.578863,1708.109387,1744.383642,1631.976878,1691,20230519,1708.109387,1178.109387
1692.293196,1694.020336,1715.573553,1704.599088,1699.010661,1704.432511,1708.185543,1739.426009,1627.194885,1699.5,20230522,1708.185543,1178.185543
1680.620771,1682.349546,1703.812119,1691.992584,1690.346727,1698.922989,1699.750967,1733.51691,1620.774762,1746,20230523,1699.750967,1169.750967
1727.548521,1726.793352,1749.531629,1736.243809,1738.660587,1696.728215,1694.557288,1737.04846,1621.963982,1724.55,20230524,1694.557288,1164.557288
1730.806059,1731.539235,1754.952141,1743.416575,1737.912253,1697.158699,1706.052436,1743.835023,1626.336293,1710.9,20230525,1706.052436,1176.052436
1715.649486,1717.836831,1739.188848,1728.645611,1722.974712,1697.703158,1712.050693,1747.17429,1629.269593,1701,20230526,1712.050693,1182.050693
1696.09014,1698.417017,1719.848236,1709.176463,1703.416555,1697.666306,1703.454593,1745.034645,1632.405133,1690.56,20230529,1703.454593,1173.454593
1687.433784,1689.533754,1711.057549,1700.133309,1695.633354,1697.100747,1695.267654,1739.991568,1631.046513,1689,20230530,1695.267654,1165.267654
1686.960801,1688.835795,1710.144273,1699.76583,1694.295388,1695.519677,1690.854925,1734.445045,1623.674925,1668.29,20230531,1690.854925,1160.854925
1671.515207,1673.247103,1695.263348,1683.431479,1680.183599,1693.14941,1687.692712,1727.586264,1614.777248,1628.9,20230601,1687.692712,1157.692712
1634.412676,1636.820984,1658.125599,1647.0541,1642.321293,1687.907362,1676.750566,1714.711395,1602.19244,1635.92,20230602,1676.750566,1146.750566
1638.582598,1637.778095,1659.394764,1646.159547,1647.805405,1681.675214,1661.87863,1702.819047,1593.719601,1670.6,20230605,1661.87863,1131.87863
1658.884482,1658.532011,1679.189339,1668.962018,1666.391739,1675.849923,1676.339324,1697.150081,1589.787433,1665,20230606,1676.339324,1146.339324
1667.300111,1667.631185,1690.011789,1677.69609,1674.006878,1670.472058,1687.432296,1695.912418,1587.058156,1666.99,20230607,1687.432296,1157.432296
1664.990323,1665.9935,1686.763613,1676.024822,1672.422539,1664.843064,1689.659613,1695.831582,1585.599085,1650.9,20230608,1689.659613,1159.659613
1657.301778,1658.71211,1680.367414,1669.121611,1664.740532,1660.589927,1688.332718,1694.962439,1588.070249,1668,20230609,1688.332718,1158.332718
1662.898527,1663.719375,1684.326329,1673.686503,1670.067726,1658.05561,1684.098899,1694.838955,1589.058715,1666,20230612,1684.098899,1154.098899
1668.333899,1669.108088,1690.793408,1679.494111,1674.443604,1657.037573,1684.413998,1696.053585,1586.34831,1696,20230613,1684.413998,1154.413998
1686.739986,1686.630321,1708.0024,1695.837228,1695.833811,1657.656182,1683.596345,1701.091759,1586.82798,1699,20230614,1683.596345,1153.596345
1692.740323,1693.814529,1715.813388,1704.695824,1699.538031,1659.538754,1673.678328,1707.939097,1591.594816,1726.88,20230615,1673.678328,1143.678328
1723.846084,1724.258291,1745.814481,1734.836895,1731.896759,1665.653808,1678.723708,1719.219523,1601.21393,1755,20230616,1678.723708,1148.723708
1742.436876,1743.18194,1765.699848,1753.944804,1751.19086,1674.612261,1691.575471,1734.137747,1613.415953,1797.69,20230619,1691.575471,1161.575471
1781.103983,1781.198639,1804.198,1791.581392,1791.616758,1685.076742,1706.581738,1754.761343,1629.939913,1744,20230620,1706.581738,1176.581738
1752.207262,1754.273351,1778.836842,1765.766568,1762.13412,1695.709732,1713.659699,1768.957684,1645.095,1743.46,20230621,1713.659699,1183.659699
1743.699949,1745.56781,1767.025331,1756.186981,1751.760729,1704.591509,1706.422145,1775.399353,1648.753601,1735.83,20230626,1706.422145,1176.422145
1737.537047,1738.358489,1760.958423,1748.870522,1744.382602,1712.445889,1695.112371,1777.465443,1654.890647,1709,20230627,1695.112371,1165.112371
1704.205307,1706.73903,1728.544713,1717.076461,1712.259845,1717.357903,1690.791697,1771.481302,1652.898559,1711.05,20230628,1690.791697,1160.791697
1708.360815,1710.067895,1731.377562,1720.746207,1715.662563,1719.287878,1684.649301,1763.863787,1645.020999,1728.38,20230629,1684.649301,1154.649301
1722.205278,1722.863265,1744.910864,1733.184945,1729.836614,1719.897719,1686.575784,1759.979764,1641.681732,1713.71,20230630,1686.575784,1156.575784
1716.93574,1718.409374,1740.763082,1729.142518,1724.040151,1719.390113,1698.778253,1757.362232,1639.126314,1691,20230703,1698.778253,1168.778253
1689.117237,1691.38304,1712.973407,1701.640675,1696.284505,1716.403763,1703.420639,1750.277287,1636.069381,1724.1,20230704,1703.420639,1173.420639
1713.995158,1714.625506,1735.749873,1724.836927,1722.613028,1712.614546,1715.090166,1747.027922,1633.522135,1730.6,20230705,1715.090166,1185.090166
1724.524577,1725.515717,1748.203917,1736.613666,1731.574304,1708.081453,1713.446983,1747.913113,1634.170166,1715.38,20230706,1713.446983,1183.446983
1711.649707,1713.922643,1735.7735,1724.702744,1719.822975,1705.178912,1711.832627,1747.940455,1632.474082,1702.98,20230707,1711.832627,1181.832627
1707.655872,1708.754299,1731.145751,1718.644305,1715.728391,1703.252058,1710.987409,1747.039958,1632.477797,1690.03,20230710,1710.987409,1180.987409
1691.979656,1693.475877,1714.745126,1703.953286,1698.386852,1700.801698,1697.142351,1742.8791,1629.880029,1700.9,20230711,1697.142351,1167.142351
1705.58369,1706.173619,1727.577497,1716.62859,1712.247958,1699.631201,1693.89514,1740.364694,1626.930829,1710,20230712,1693.89514,1163.89514
1707.113642,1708.339417,1729.876438,1719.054878,1713.648036,1698.928784,1698.169229,1739.720825,1623.444451,1713.8,20230713,1698.169229,1168.169229
1713.84463,1714.930724,1736.757805,1725.215997,1720.390317,1698.698608,1700.904673,1740.771255,1622.399073,1738.4,20230714,1700.904673,1170.904673
1732.568268,1732.987162,1754.832521,1743.25297,1740.413583,1699.306814,1695.942432,1745.905422,1626.302413,1753,20230717,1695.942432,1165.942432
1750.292741,1751.427575,1773.582312,1762.876807,1757.601622,1703.031689,1707.555195,1754.763126,1633.320044,1729.97,20230718,1707.555195,1177.555195
1730.996411,1733.459849,1755.97211,1744.381562,1738.755243,1706.946025,1718.314195,1760.290777,1641.434616,1722.8,20230719,1718.314195,1188.314195
1723.612341,1725.723158,1747.108907,1736.665527,1730.321039,1708.354871,1710.047683,1761.211037,1642.994882,1723,20230720,1710.047683,1180.047683
1717.459395,1719.060822,1740.957893,1729.395578,1724.397972,1709.912017,1701.632425,1759.815565,1642.376422,1724,20230721,1701.632425,1171.632425
1729.668848,1730.00215,1752.392265,1740.042685,1737.210728,1711.233785,1696.190366,1760.136683,1642.37345,1771.3,20230724,1696.190366,1166.190366
1754.333087,1754.575597,1776.407137,1764.926699,1763.963792,1714.66533,1702.233722,1765.939238,1644.082313,1771.15,20230725,1702.233722,1172.233722
1757.569376,1758.982977,1782.427683,1769.970519,1765.223298,1718.983403,1706.926334,1773.344557,1650.016228,1828.55,20230726,1706.926334,1176.926334
1822.366332,1822.090091,1843.815681,1833.062476,1830.561444,1726.107429,1719.367078,1790.884473,1659.753922,1828.55,20230727,1719.367078,1189.367078
1821.088549,1822.688193,1847.034138,1834.650827,1829.107722,1735.94721,1737.944794,1809.546592,1678.773862,1838.03,20230728,1737.944794,1207.944794
1838.423847,1839.834922,1862.999374,1850.845942,1846.986141,1747.333437,1754.657026,1827.667671,1696.490163,1897,20230731,1754.657026,1224.657026
1870.484936,1870.601882,1894.755394,1881.047789,1883.466052,1759.50901,1753.478431,1848.912996,1713.223198,1880.58,20230801,1753.478431,1223.478431
1892.548584,1892.712783,1919.180987,1904.829809,1903.369549,1775.065159,1757.841529,1871.683815,1727.65447,1889,20230802,1757.841529,1227.841529
1884.665228,1886.519567,1910.065319,1898.284865,1893.182349,1791.652422,1757.0715,1888.948084,1743.963411,1880,20230803,1757.0715,1227.0715
1873.378561,1875.821046,1899.693413,1887.820086,1881.605175,1806.868433,1753.791375,1898.698558,1753.652068,1878.47,20230804,1753.791375,1223.791375
1866.794387,1869.475073,1893.475233,1881.044965,1877.095263,1820.286869,1752.97922,1902.955261,1763.27891,1893.47,20230807,1752.97922,1222.97922
1892.073371,1893.584898,1917.807062,1905.502804,1901.073877,1831.507114,1751.995435,1908.874613,1769.144321,1887.93,20230808,1751.995435,1221.995435
1877.703767,1880.068239,1904.335725,1891.751808,1886.363392,1840.835424,1771.845436,1912.377187,1772.438711,1890,20230809,1771.845436,1241.845436
1877.57211,1880.37093,1903.995141,1892.185711,1887.135352,1846.121308,1773.656162,1913.387943,1773.434756,1890.28,20230810,1773.656162,1243.656162
1888.628601,1890.504784,1915.081648,1902.364737,1897.396999,1850.531809,1773.862117,1915.698771,1776.008303,1875,20230811,1773.862117,1243.862117
1868.861814,1871.68545,1895.502688,1883.610489,1877.428269,1853.066721,1784.905457,1914.600789,1779.376248,1834,20230814,1784.905457,1254.905457
1846.245832,1849.228318,1873.455534,1861.044584,1856.676434,1852.479615,1791.11435,1908.345906,1775.025781,1803,20230815,1791.11435,1261.11435
1798.015484,1801.661305,1824.555757,1813.017516,1806.262604,1846.060235,1776.253485,1892.088528,1761.485347,1812.98,20230816,1776.253485,1246.253485
1809.406168,1811.023347,1833.309147,1822.391445,1816.9638,1838.140919,1759.914156,1877.186056,1749.15984,1820,20230817,1759.914156,1229.914156
1811.723238,1813.458997,1836.878887,1824.590529,1819.729334,1829.690072,1754.404931,1866.353352,1739.679366,1828.05,20230818,1754.404931,1224.404931
1815.336071,1816.991885,1840.222314,1827.640923,1824.455157,1822.391891,1764.69236,1859.972013,1734.01248,1802.59,20230821,1764.69236,1234.69236
1809.028584,1811.097645,1834.763909,1822.65253,1817.504543,1814.248491,1769.20881,1854.767559,1729.975254,1791,20230822,1769.20881,1239.20881
1791.905779,1793.819111,1816.760668,1804.546757,1799.797159,1806.963981,1768.192928,1847.748443,1725.832674,1788,20230823,1768.192928,1238.192928
1784.313673,1786.405618,1808.571946,1797.962435,1792.605967,1798.717009,1769.07106,1839.885148,1718.117084,1774,20230824,1769.07106,1239.07106
1778.8043,1781.150048,1804.193394,1792.59081,1787.485322,1790.207467,1763.850782,1831.882915,1710.36167,1816.3,20230825,1763.850782,1233.850782
1803.770339,1804.169173,1827.082794,1814.40645,1814.744804,1784.226595,1756.502821,1830.480013,1706.668001,1824.98,20230828,1756.502821,1226.502821
1817.593256,1818.351396,1842.441755,1829.670755,1826.077091,1781.114385,1747.371401,1834.497326,1706.033195,1834.97,20230829,1747.371401,1217.371401
1861.227061,1861.329444,1884.909076,1873.896718,1872.037475,1784.742226,1762.781851,1847.384381,1712.917386,1851.33,20230830,1762.781851,1232.781851
1840.371654,1842.699125,1866.660353,1854.147762,1850.357208,1788.77856,1770.521662,1857.793733,1723.517536,1856,20230831,1770.521662,1240.521662
1854.921654,1856.389939,1879.571628,1868.604444,1862.832946,1793.814653,1773.512321,1866.987563,1731.478608,1847,20230901,1773.512321,1243.512321
1845.311307,1848.203743,1871.887838,1860.285552,1853.783849,1799.445727,1769.723549,1872.581488,1740.380148,1851.05,20230904,1769.723549,1239.723549
1851.238832,1853.118284,1876.573392,1864.506294,1859.498732,1804.614814,1763.001551,1876.658389,1737.709567,1866,20230905,1763.001551,1233.001551
1863.693024,1865.011077,1888.671248,1876.544118,1872.371372,1811.177442,1761.257397,1882.22943,1747.748022,1858.7,20230906,1761.257397,1231.257397
1856.253824,1858.837922,1882.39467,1870.884216,1863.616645,1817.239893,1756.560179,1886.041829,1749.424193,1861,20230907,1756.560179,1226.560179
1854.781379,1857.211976,1880.475394,1868.673988,1863.060893,1823.232503,1758.100459,1887.961253,1750.738829,1838,20230908,1758.100459,1228.100459
1835.688181,1838.554167,1862.328757,1850.179189,1844.209908,1826.40118,1766.511556,1885.873617,1753.834694,1818.5,20230911,1766.511556,1236.511556
1817.719712,1820.778279,1843.680012,1832.502415,1825.758054,1826.434317,1769.140678,1878.591484,1748.495315,1822.17,20230912,1769.140678,1239.140678
1817.903526,1819.263335,1842.759455,1829.691856,1826.869409,1822.113124,1758.845374,1871.417084,1743.610048,1819.96,20230913,1758.845374,1228.845374
1817.320283,1819.286962,1842.077693,1831.100702,1824.171189,1819.104633,1760.78055,1865.123862,1738.393112,1819.91,20230914,1760.78055,1230.78055
1814.14269,1816.682506,1839.462836,1828.44929,1823.118529,1814.620429,1759.069532,1859.850015,1733.717961,1818.69,20230915,1759.069532,1229.069532
1813.969278,1816.556348,1839.731053,1828.319119,1822.511066,1810.413952,1760.95203,1855.667313,1730.289982,1781.99,20230918,1760.95203,1230.95203
1788.896695,1791.532355,1815.038432,1802.824521,1797.867481,1805.189141,1764.853513,1848.653991,1726.620385,1829.2,20230919,1764.853513,1234.853513
1807.157751,1808.292436,1830.661895,1818.791391,1818.656317,1800.025701,1761.124254,1844.920944,1722.835923,1826.94,20230920,1761.124254,1231.124254
1816.606722,1818.375766,1842.42957,1830.55758,1824.435988,1796.126373,1760.916962,1845.009507,1718.356028,1824,20230921,1760.916962,1230.916962
1820.594167,1822.617461,1845.785034,1833.889714,1828.001122,1793.17851,1762.498106,1846.631144,1718.478471,1798.39,20230922,1762.498106,1232.498106
1800.552179,1803.011158,1826.333123,1814.123373,1808.472981,1791.220748,1756.48172,1845.199562,1718.260629,1849,20230925,1756.48172,1226.48172
1828.523439,1829.561388,1852.169494,1840.440305,1840.211318,1791.330858,1757.61321,1848.119043,1723.520657,1832.38,20230926,1757.61321,1227.61321
1831.124328,1833.096207,1857.80993,1845.56838,1839.118834,1792.564657,1761.580372,1852.688096,1727.37808,1816,20230927,1761.580372,1231.580372
1816.042946,1818.444567,1841.421787,1829.67759,1823.908767,1793.949282,1761.165044,1853.954735,1724.284593,1814,20230928,1761.165044,1231.165044
1811.958318,1813.766295,1836.948727,1824.819814,1820.772781,1794.181984,1758.594617,1853.091982,1723.61249,1798.55,20231009,1758.594617,1228.594617
1803.916112,1806.018757,1829.035801,1817.770086,1811.96129,1794.091637,1747.772612,1850.241896,1721.225728,1777,20231010,1747.772612,1217.772612
1774.076991,1777.262905,1799.78646,1788.900855,1782.712989,1792.732571,1744.88025,1841.728639,1718.712066,1770,20231011,1744.88025,1214.88025
1776.04456,1777.587589,1800.537914,1788.397707,1784.727961,1789.630614,1742.352471,1833.053114,1708.663061,1778.5,20231012,1742.352471,1212.352471
1774.725913,1776.646377,1798.472716,1788.420293,1781.823786,1785.025452,1740.8986,1825.383887,1702.793786,1786,20231013,1740.8986,1210.8986
1786.573236,1788.381361,1811.067926,1799.947836,1794.838931,1780.134241,1737.573079,1821.623349,1698.010753,1751,20231016,1737.573079,1207.573079
1747.832276,1750.956523,1774.027211,1761.93396,1756.939177,1775.807846,1743.220202,1813.808348,1692.43674,1729.9,20231017,1743.220202,1213.220202
1732.370783,1734.819658,1756.665908,1745.790111,1740.694728,1768.005327,1741.281831,1802.275901,1684.284424,1726,20231018,1741.281831,1211.281831
1725.359245,1727.34524,1749.079895,1738.675001,1732.936491,1758.778805,1728.579705,1789.82691,1675.787067,1728,20231019,1728.579705,1198.579705
1725.256118,1726.418591,1748.716873,1736.430446,1733.111984,1749.743082,1724.832541,1780.007933,1665.611161,1630,20231020,1724.832541,1194.832541
1638.806979,1642.611799,1665.724986,1653.624306,1649.168186,1737.836469,1716.361114,1758.425591,1647.712532,1645,20231023,1716.361114,1186.361114
1638.134876,1639.71654,1659.180339,1650.091566,1646.589438,1722.374976,1688.994865,1733.896723,1627.996268,1643.98,20231024,1688.994865,1158.994865
1636.832723,1636.970323,1659.300999,1646.637286,1644.895732,1707.241287,1678.667167,1714.444664,1611.831169,1642.95,20231025,1678.667167,1148.667167
1637.784336,1639.181592,1659.632964,1649.676981,1645.288027,1693.146884,1683.572123,1699.405037,1595.986296,1677.5,20231026,1683.572123,1153.572123
1683.706532,1682.742882,1704.457327,1692.761275,1691.78871,1682.063943,1694.555727,1697.363614,1591.114254,1672.23,20231027,1694.555727,1164.555727
1667.323441,1668.11888,1690.102582,1678.145595,1674.169591,1672.235753,1703.131321,1697.742982,1589.890262,1676.71,20231030,1703.131321,1173.131321
1673.366872,1673.840747,1695.078493,1683.332959,1680.892703,1666.441074,1702.948398,1699.569979,1591.798244,1681,20231031,1702.948398,1172.948398
1675.279163,1675.994211,1697.550995,1686.065357,1681.930503,1662.58796,1697.63651,1702.135651,1590.626856,1684.58,20231101,1697.63651,1167.63651
1678.124494,1679.281617,1700.479391,1689.638069,1685.112108,1660.719355,1704.902743,1704.677398,1592.161861,1780.99,20231102,1704.902743,1174.902743
1815.359995,1815.618256,1835.094388,1833.579741,1827.009535,1667.56179,1699.912121,1732.660249,1601.474123,1779.5,20231103,1699.912121,1169.912121
1776.265524,1779.023628,1802.902088,1790.531259,1784.007861,1680.851691,1710.573864,1758.007885,1627.503669,1811.24,20231106,1710.573864,1180.573864
1798.602144,1799.566091,1821.80003,1810.072476,1808.406261,1697.064192,1715.436322,1780.935474,1639.773601,1812,20231107,1715.436322,1185.436322
1809.609746,1811.129297,1834.879517,1823.235772,1817.638726,1713.384277,1710.106156,1800.941057,1665.691849,1791.17,20231108,1710.106156,1180.106156
1789.318264,1792.039665,1814.992069,1803.225137,1797.540865,1729.022155,1724.243355,1812.458197,1681.737624,1798.34,20231109,1724.243355,1194.243355
1790.887148,1792.748471,1815.333693,1803.613569,1799.060416,1741.14245,1714.591401,1818.749487,1690.059638,1794.11,20231110,1714.591401,1184.591401
1786.97727,1788.820762,1811.742407,1799.950808,1794.311115,1751.762066,1705.09421,1821.740294,1690.146418,1775.84,20231113,1705.09421,1175.09421
1773.266098,1775.533388,1798.273893,1786.324336,1780.438864,1759.562059,1700.76306,1820.498025,1694.393611,1764,20231114,1700.76306,1170.76306
1763.815047,1765.610839,1788.122951,1776.251853,1771.797368,1764.867706,1702.741923,1816.334195,1692.130779,1765.27,20231115,1702.741923,1172.741923
1763.146659,1764.880188,1787.066428,1775.827312,1770.170233,1768.491387,1737.356945,1811.66365,1689.56273,1772.93,20231116,1737.356945,1207.356945
1773.592862,1774.825621,1797.127172,1786.013472,1780.787175,1764.319533,1728.844876,1808.392887,1687.122177,1760.05,20231117,1728.844876,1198.844876
1761.046392,1763.258701,1785.812123,1774.349071,1768.160759,1762.229668,1734.224079,1805.204892,1683.215865,1753.42,20231120,1734.224079,1204.224079
1745.601393,1748.005689,1769.882698,1758.958905,1753.212965,1758.340148,1738.230174,1799.109304,1678.620956,1762.5,20231121,1738.230174,1208.230174
1753.781496,1755.502841,1777.81628,1766.351594,1762.812464,1753.171358,1730.061438,1794.945474,1675.643671,1790,20231122,1730.061438,1200.061438
1786.885586,1787.695438,1810.438916,1799.185089,1795.602569,1751.401273,1733.205151,1797.985616,1676.685929,1781.51,20231123,1733.205151,1203.205151
1779.753536,1781.39761,1804.741122,1792.493479,1786.738178,1750.941515,1738.810964,1802.314834,1679.035541,1786,20231124,1738.810964,1208.810964
1777.736929,1779.668538,1801.633815,1790.482965,1785.077758,1751.463535,1738.258407,1805.544139,1681.319919,1777,20231127,1738.258407,1208.258407
1777.288018,1779.240728,1802.064894,1790.584011,1784.585605,1751.944989,1734.190571,1807.613646,1684.96901,1763,20231128,1734.190571,1204.190571
1759.089967,1761.785661,1784.015291,1772.962515,1766.626349,1752.880257,1732.245513,1805.814585,1684.821156,1769.04,20231129,1732.245513,1202.245513
1764.568135,1766.278335,1788.596083,1777.015046,1772.16351,1753.14045,1730.234851,1803.43882,1681.951158,1774.71,20231130,1730.234851,1200.234851
1766.103437,1767.776637,1790.144759,1778.909803,1773.46715,1752.707885,1725.060414,1802.012439,1679.298409,1791.5,20231201,1725.060414,1195.060414
1783.520018,1784.919056,1807.611417,1795.819966,1791.902956,1753.453692,1722.725736,1804.589999,1679.827264,1760.28,20231204,1722.725736,1192.725736
1759.782279,1762.442904,1785.648518,1773.816649,1768.922318,1754.388365,1726.543707,1804.213603,1682.56828,1750.71,20231205,1726.543707,1196.543707
1749.394028,1752.000713,1773.810408,1763.316802,1756.721037,1754.499961,1732.970963,1799.861055,1680.160121,1709,20231206,1732.970963,1202.970963
1716.280131,1718.794388,1741.412896,1729.544472,1724.953278,1749.344991,1725.336655,1789.7645,1673.997665,1703,20231207,1725.336655,1195.336655
1703.446126,1705.258115,1726.583682,1715.627494,1710.336855,1742.707768,1714.4564,1776.24576,1662.733882,1700,20231208,1714.4564,1184.4564
1695.869325,1697.34073,1718.677591,1707.933302,1702.902261,1735.448816,1705.19845,1762.926141,1648.929242,1704.92,20231211,1705.19845,1175.19845
1699.922005,1701.573806,1723.109341,1712.140225,1707.183334,1727.042697,1699.364319,1752.712194,1637.339883,1698,20231212,1699.364319,1169.364319
1680.719439,1683.063405,1704.757492,1693.50203,1690.301702,1718.673282,1700.119116,1742.841951,1631.590229,1709.99,20231213,1700.119116,1170.119116
1699.110964,1700.527091,1722.419109,1710.868237,1707.470423,1711.115799,1701.905769,1737.232572,1626.101213,1660,20231214,1701.905769,1171.905769
1668.305666,1670.073967,1692.900213,1680.794332,1676.86053,1703.208668,1712.002771,1729.594104,1622.650053,1635.9,20231215,1712.002771,1182.002771
1644.023914,1646.422563,1666.836935,1656.847815,1651.727022,1693.445415,1702.677358,1717.025492,1610.840325,1645,20231218,1702.677358,1172.677358
1654.801786,1654.417961,1675.822879,1663.893085,1662.211267,1684.151876,1690.952776,1707.287203,1602.317558,1662,20231219,1690.952776,1160.952776
1649.368791,1650.085919,1670.742801,1660.063449,1656.354474,1675.609197,1681.154974,1699.594646,1593.435929,1675,20231220,1681.154974,1151.154974
1665.804039,1666.683584,1688.104847,1677.032605,1674.158298,1669.418656,1676.96826,1696.960025,1584.963982,1649.79,20231221,1676.96826,1146.96826
1645.567686,1647.771079,1669.399635,1658.304955,1652.160925,1664.665342,1677.944392,1692.984765,1582.221183,1670,20231222,1677.944392,1147.944392
1658.380739,1658.891615,1679.707198,1668.091241,1666.417447,1660.822333,1681.264267,1691.502661,1582.888383,1670.65,20231225,1681.264267,1151.264267
1666.915246,1667.676061,1689.433451,1678.300136,1673.696162,1657.897651,1676.754132,1692.452343,1585.177813,1672,20231226,1676.754132,1146.754132
1670.825867,1671.952528,1693.067533,1682.108671,1676.958307,1657.232384,1688.290293,1694.836875,1587.461299,1670,20231227,1688.290293,1158.290293
1664.569497,1666.209263,1687.247444,1676.652197,1671.358141,1655.991006,1683.157018,1696.257014,1585.860912,1667.06,20231228,1683.157018,1153.157018
1666.048184,1667.395511,1688.712757,1677.501874,1672.929254,1656.072734,1671.023944,1697.300758,1587.692665,1724.99,20231229,1671.023944,1141.023944
